SLURM_JOB_ID,SLURM_JOB_NAME,SLURM_JOB_NUM_NODES,SLURM_NTASKS,MPI_IMPL,EXPERIMENT,EXECUTABLE,ARG1,ARG2,ARG3,ARG4,ARG5,OUTPUT
9402009,qtnh,2,256,UCX,ieee25-qftrmps-inout,qftmps,40,16,16,16,0,"Results 16:
|T| = (1,-4.93038e-32)
T[0] = (9.53674e-07,6.46195e-22)
Max chis = (1, 1, 1, 1, 1, 1, 1, 1, 1, 1, 1, 1, 1, 1, 1, 1, 1, 1, 1, 1, 1, 1, 1, 1, 1, 1, 1, 1, 1, 1, 1, 1, 1, 1, 1, 1, 1, 1, 1)
Max chi = 1
Time taken: 136702 ms"
9402010,qtnh,2,256,UCX,ieee25-qftrmps-inout,qftmps,40,16,16,16,1,"Results 16:
|T| = (1,-1.38778e-16)
T[0] = (1.39126e-10,1.78008e-10)
Max chis = (2, 4, 8, 10, 10, 10, 10, 10, 10, 10, 10, 10, 10, 10, 10, 10, 10, 10, 10, 10, 10, 10, 10, 10, 10, 10, 10, 10, 10, 10, 10, 10, 10, 10, 10, 10, 8, 4, 2)
Max chi = 10
Time taken: 191888 ms"
9402011,qtnh,2,256,UCX,ieee25-qftrmps-inout,qftmps,40,16,16,16,2,"Results 16:
|T| = (1,2.77556e-17)
T[0] = (-8.43808e-08,-4.71588e-08)
Max chis = (2, 4, 8, 16, 18, 19, 19, 19, 19, 19, 19, 18, 19, 19, 19, 18, 19, 19, 19, 19, 19, 18, 18, 19, 18, 19, 18, 18, 19, 19, 19, 18, 18, 18, 18, 16, 8, 4, 2)
Max chi = 19
Time taken: 196245 ms"
9402012,qtnh,2,256,UCX,ieee25-qftrmps-inout,qftmps,40,16,16,16,3,"Results 16:
|T| = (1,-1.38778e-17)
T[0] = (6.72885e-10,7.40117e-08)
Max chis = (2, 4, 8, 16, 25, 27, 27, 27, 27, 27, 27, 27, 28, 28, 27, 28, 27, 27, 28, 28, 27, 27, 28, 28, 28, 28, 28, 28, 28, 27, 26, 27, 27, 27, 27, 16, 8, 4, 2)
Max chi = 28
Time taken: 196330 ms"
9402013,qtnh,2,256,UCX,ieee25-qftrmps-inout,qftmps,40,16,16,16,4,"Results 16:
|T| = (1,-2.42861e-17)
T[0] = (-2.81249e-08,-6.0857e-08)
Max chis = (2, 4, 8, 16, 32, 35, 36, 36, 36, 36, 36, 35, 36, 35, 36, 35, 36, 36, 36, 36, 36, 35, 35, 36, 36, 36, 36, 36, 36, 36, 36, 36, 36, 36, 32, 16, 8, 4, 2)
Max chi = 36
Time taken: 197659 ms"
9402014,qtnh,2,256,UCX,ieee25-qftrmps-inout,qftmps,40,16,16,16,5,"Results 16:
|T| = (1,-2.08167e-17)
T[0] = (7.54178e-08,2.4584e-08)
Max chis = (2, 4, 8, 16, 32, 43, 44, 44, 45, 44, 44, 44, 45, 45, 44, 45, 44, 44, 44, 44, 44, 45, 44, 44, 45, 44, 45, 45, 45, 44, 44, 44, 44, 43, 32, 16, 8, 4, 2)
Max chi = 45
Time taken: 196046 ms"
9402015,qtnh,2,256,UCX,ieee25-qftrmps-inout,qftmps,40,16,16,16,6,"Results 16:
|T| = (1,1.249e-16)
T[0] = (-1.34981e-08,-1.43502e-08)
Max chis = (2, 4, 8, 16, 32, 50, 53, 53, 52, 53, 52, 52, 53, 54, 53, 52, 53, 53, 53, 53, 53, 53, 54, 53, 53, 53, 53, 53, 53, 54, 53, 53, 52, 51, 32, 16, 8, 4, 2)
Max chi = 54
Time taken: 190885 ms"
9402016,qtnh,2,256,UCX,ieee25-qftrmps-inout,qftmps,40,16,16,16,7,"Results 16:
|T| = (1,1.28586e-16)
T[0] = (2.30072e-07,-7.39589e-07)
Max chis = (2, 4, 8, 16, 32, 57, 61, 62, 62, 62, 61, 62, 61, 62, 61, 62, 61, 61, 62, 61, 61, 62, 62, 62, 62, 62, 62, 62, 62, 62, 62, 62, 61, 57, 32, 16, 8, 4, 2)
Max chi = 62
Time taken: 193263 ms"
9402017,qtnh,2,256,UCX,ieee25-qftrmps-inout,qftmps,40,16,16,16,8,"Results 16:
|T| = (1,2.77556e-17)
T[0] = (2.06927e-07,-1.05149e-07)
Max chis = (2, 4, 8, 16, 32, 62, 69, 70, 70, 70, 70, 70, 70, 71, 71, 70, 71, 71, 71, 71, 70, 71, 71, 71, 71, 71, 71, 71, 70, 70, 70, 69, 69, 63, 32, 16, 8, 4, 2)
Max chi = 71
Time taken: 189085 ms"
9402018,qtnh,2,256,UCX,ieee25-qftrmps-inout,qftmps,40,16,16,16,9,"Results 16:
|T| = (1,1.11022e-16)
T[0] = (1.16697e-07,-3.86127e-07)
Max chis = (2, 4, 8, 16, 32, 64, 76, 77, 79, 78, 78, 78, 78, 79, 78, 78, 78, 79, 79, 79, 79, 79, 79, 79, 78, 79, 79, 78, 78, 79, 79, 79, 77, 64, 32, 16, 8, 4, 2)
Max chi = 79
Time taken: 188403 ms"
9402019,qtnh,2,256,UCX,ieee25-qftrmps-inout,qftmps,40,16,16,16,10,"Results 16:
|T| = (1,-1.16226e-16)
T[0] = (4.21801e-08,-8.68355e-08)
Max chis = (2, 4, 8, 16, 32, 64, 83, 86, 86, 87, 87, 87, 88, 87, 87, 87, 86, 87, 87, 87, 87, 87, 87, 88, 87, 88, 88, 88, 87, 87, 87, 86, 84, 64, 32, 16, 8, 4, 2)
Max chi = 88
Time taken: 190840 ms"
9402020,qtnh,2,256,UCX,ieee25-qftrmps-inout,qftmps,40,16,16,16,11,"Results 16:
|T| = (1,-4.16334e-17)
T[0] = (1.74799e-07,-2.21134e-07)
Max chis = (2, 4, 8, 16, 32, 64, 92, 94, 96, 96, 95, 96, 96, 96, 96, 96, 96, 96, 97, 95, 96, 96, 96, 96, 96, 96, 96, 95, 96, 96, 96, 96, 91, 64, 32, 16, 8, 4, 2)
Max chi = 97
Time taken: 199333 ms"
9402021,qtnh,2,256,UCX,ieee25-qftrmps-inout,qftmps,40,16,16,16,12,"Results 16:
|T| = (1,4.16334e-17)
T[0] = (-3.71562e-07,-1.49624e-07)
Max chis = (2, 4, 8, 16, 32, 64, 99, 104, 105, 104, 104, 104, 104, 104, 105, 105, 104, 104, 105, 105, 104, 105, 105, 105, 105, 104, 104, 104, 105, 105, 104, 103, 99, 64, 32, 16, 8, 4, 2)
Max chi = 105
Time taken: 185696 ms"
9402022,qtnh,2,256,UCX,ieee25-qftrmps-inout,qftmps,40,16,16,16,13,"Results 16:
|T| = (1,4.16334e-17)
T[0] = (1.56966e-06,-8.74814e-07)
Max chis = (2, 4, 8, 16, 32, 64, 106, 111, 112, 113, 113, 113, 114, 114, 113, 113, 113, 113, 113, 113, 114, 113, 114, 113, 113, 113, 113, 113, 113, 113, 112, 111, 106, 64, 32, 16, 8, 4, 2)
Max chi = 114
Time taken: 184202 ms"
9402023,qtnh,2,256,UCX,ieee25-qftrmps-inout,qftmps,40,16,16,16,14,"Results 16:
|T| = (1,2.77556e-17)
T[0] = (1.24981e-07,8.30146e-07)
Max chis = (2, 4, 8, 16, 32, 64, 112, 118, 121, 121, 121, 122, 121, 121, 121, 121, 122, 120, 121, 121, 121, 121, 121, 122, 121, 121, 121, 121, 121, 122, 120, 119, 112, 64, 32, 16, 8, 4, 2)
Max chi = 122
Time taken: 180524 ms"
9402024,qtnh,2,256,UCX,ieee25-qftrmps-inout,qftmps,40,16,16,16,15,"Results 16:
|T| = (1,-8.32667e-17)
T[0] = (-3.54811e-07,1.86863e-07)
Max chis = (2, 4, 8, 16, 32, 64, 118, 128, 129, 130, 130, 130, 130, 130, 130, 130, 130, 130, 130, 130, 129, 129, 129, 129, 129, 129, 129, 129, 128, 129, 128, 126, 118, 64, 32, 16, 8, 4, 2)
Max chi = 130
Time taken: 181707 ms"
9402274,qtnh,2,256,UCX,ieee25-qftrmps-inout,qftmps,40,16,16,16,0,"Results 16:
|T| = (1,1.84889e-31)
T[0] = (9.53674e-07,8.12141e-22)
Max chis = (1, 1, 1, 1, 1, 1, 1, 1, 1, 1, 1, 1, 1, 1, 1, 1, 1, 1, 1, 1, 1, 1, 1, 1, 1, 1, 1, 1, 1, 1, 1, 1, 1, 1, 1, 1, 1, 1, 1)
Max chi = 1
Time taken: 135173 ms"
9402275,qtnh,2,256,UCX,ieee25-qftrmps-inout,qftmps,40,16,16,16,1,"Results 16:
|T| = (1,2.77556e-17)
T[0] = (1.39126e-10,1.78008e-10)
Max chis = (2, 4, 8, 10, 10, 10, 10, 10, 10, 10, 10, 10, 10, 10, 10, 10, 10, 10, 10, 10, 10, 10, 10, 10, 10, 10, 10, 10, 10, 10, 10, 10, 10, 10, 10, 10, 8, 4, 2)
Max chi = 10
Time taken: 194299 ms"
9402276,qtnh,2,256,UCX,ieee25-qftrmps-inout,qftmps,40,16,16,16,2,"Results 16:
|T| = (1,-8.32667e-17)
T[0] = (-8.43808e-08,-4.71588e-08)
Max chis = (2, 4, 8, 16, 18, 19, 19, 19, 19, 19, 19, 18, 19, 19, 19, 18, 19, 19, 19, 19, 19, 18, 18, 19, 18, 19, 18, 18, 19, 19, 19, 18, 18, 18, 18, 16, 8, 4, 2)
Max chi = 19
Time taken: 198934 ms"
9402277,qtnh,2,256,UCX,ieee25-qftrmps-inout,qftmps,40,16,16,16,3,"Results 16:
|T| = (1,2.77556e-17)
T[0] = (6.72885e-10,7.40117e-08)
Max chis = (2, 4, 8, 16, 25, 27, 27, 27, 27, 27, 27, 27, 28, 28, 27, 28, 27, 27, 28, 28, 27, 27, 28, 28, 28, 28, 28, 28, 28, 27, 26, 27, 27, 27, 27, 16, 8, 4, 2)
Max chi = 28
Time taken: 200624 ms"
9402278,qtnh,2,256,UCX,ieee25-qftrmps-inout,qftmps,40,16,16,16,4,"Results 16:
|T| = (1,9.62772e-17)
T[0] = (-2.81249e-08,-6.0857e-08)
Max chis = (2, 4, 8, 16, 32, 35, 36, 36, 36, 36, 36, 35, 36, 35, 36, 35, 36, 36, 36, 36, 36, 35, 35, 36, 36, 36, 36, 36, 36, 36, 36, 36, 36, 36, 32, 16, 8, 4, 2)
Max chi = 36
Time taken: 198876 ms"
9402279,qtnh,2,256,UCX,ieee25-qftrmps-inout,qftmps,40,16,16,16,5,"Results 16:
|T| = (1,4.16334e-17)
T[0] = (7.54178e-08,2.4584e-08)
Max chis = (2, 4, 8, 16, 32, 43, 44, 44, 45, 44, 44, 44, 45, 45, 44, 45, 44, 44, 44, 44, 44, 45, 44, 44, 45, 44, 45, 45, 45, 44, 44, 44, 44, 43, 32, 16, 8, 4, 2)
Max chi = 45
Time taken: 197043 ms"
9402280,qtnh,2,256,UCX,ieee25-qftrmps-inout,qftmps,40,16,16,16,6,"Results 16:
|T| = (1,-2.77556e-17)
T[0] = (-1.34981e-08,-1.43502e-08)
Max chis = (2, 4, 8, 16, 32, 50, 53, 53, 52, 53, 52, 52, 53, 54, 53, 52, 53, 53, 53, 53, 53, 53, 54, 53, 53, 53, 53, 53, 53, 54, 53, 53, 52, 51, 32, 16, 8, 4, 2)
Max chi = 54
Time taken: 190404 ms"
9402281,qtnh,2,256,UCX,ieee25-qftrmps-inout,qftmps,40,16,16,16,7,"Results 16:
|T| = (1,1.73472e-18)
T[0] = (2.30072e-07,-7.39589e-07)
Max chis = (2, 4, 8, 16, 32, 57, 61, 62, 62, 62, 61, 62, 61, 62, 61, 62, 61, 61, 62, 61, 61, 62, 62, 62, 62, 62, 62, 62, 62, 62, 62, 62, 61, 57, 32, 16, 8, 4, 2)
Max chi = 62
Time taken: 193055 ms"
9402282,qtnh,2,256,UCX,ieee25-qftrmps-inout,qftmps,40,16,16,16,8,"Results 16:
|T| = (1,8.32667e-17)
T[0] = (2.06927e-07,-1.05149e-07)
Max chis = (2, 4, 8, 16, 32, 62, 69, 70, 70, 70, 70, 70, 70, 71, 71, 70, 71, 71, 71, 71, 70, 71, 71, 71, 71, 71, 71, 71, 70, 70, 70, 69, 69, 63, 32, 16, 8, 4, 2)
Max chi = 71
Time taken: 189720 ms"
9402283,qtnh,2,256,UCX,ieee25-qftrmps-inout,qftmps,40,16,16,16,9,"Results 16:
|T| = (1,8.32667e-17)
T[0] = (1.16697e-07,-3.86127e-07)
Max chis = (2, 4, 8, 16, 32, 64, 76, 77, 79, 78, 78, 78, 78, 79, 78, 78, 78, 79, 79, 79, 79, 79, 79, 79, 78, 79, 79, 78, 78, 79, 79, 79, 77, 64, 32, 16, 8, 4, 2)
Max chi = 79
Time taken: 187263 ms"
9402284,qtnh,2,256,UCX,ieee25-qftrmps-inout,qftmps,40,16,16,16,10,"Results 16:
|T| = (1,6.41848e-17)
T[0] = (4.21801e-08,-8.68355e-08)
Max chis = (2, 4, 8, 16, 32, 64, 83, 86, 86, 87, 87, 87, 88, 87, 87, 87, 86, 87, 87, 87, 87, 87, 87, 88, 87, 88, 88, 88, 87, 87, 87, 86, 84, 64, 32, 16, 8, 4, 2)
Max chi = 88
Time taken: 189461 ms"
9402285,qtnh,2,256,UCX,ieee25-qftrmps-inout,qftmps,40,16,16,16,11,"Results 16:
|T| = (1,6.245e-17)
T[0] = (1.74799e-07,-2.21134e-07)
Max chis = (2, 4, 8, 16, 32, 64, 92, 94, 96, 96, 95, 96, 96, 96, 96, 96, 96, 96, 97, 95, 96, 96, 96, 96, 96, 96, 96, 95, 96, 96, 96, 96, 91, 64, 32, 16, 8, 4, 2)
Max chi = 97
Time taken: 186571 ms"
9402286,qtnh,2,256,UCX,ieee25-qftrmps-inout,qftmps,40,16,16,16,12,"Results 16:
|T| = (1,6.84696e-35)
T[0] = (-3.71562e-07,-1.49624e-07)
Max chis = (2, 4, 8, 16, 32, 64, 99, 104, 105, 104, 104, 104, 104, 104, 105, 105, 104, 104, 105, 105, 104, 105, 105, 105, 105, 104, 104, 104, 105, 105, 104, 103, 99, 64, 32, 16, 8, 4, 2)
Max chi = 105
Time taken: 192871 ms"
9402287,qtnh,2,256,UCX,ieee25-qftrmps-inout,qftmps,40,16,16,16,13,"Results 16:
|T| = (1,4.16334e-17)
T[0] = (1.56966e-06,-8.74814e-07)
Max chis = (2, 4, 8, 16, 32, 64, 106, 111, 112, 113, 113, 113, 114, 114, 113, 113, 113, 113, 113, 113, 114, 113, 114, 113, 113, 113, 113, 113, 113, 113, 112, 111, 106, 64, 32, 16, 8, 4, 2)
Max chi = 114
Time taken: 186886 ms"
9402288,qtnh,2,256,UCX,ieee25-qftrmps-inout,qftmps,40,16,16,16,14,"Results 16:
|T| = (1,-5.55112e-17)
T[0] = (1.24981e-07,8.30146e-07)
Max chis = (2, 4, 8, 16, 32, 64, 112, 118, 121, 121, 121, 122, 121, 121, 121, 121, 122, 120, 121, 121, 121, 121, 121, 122, 121, 121, 121, 121, 121, 122, 120, 119, 112, 64, 32, 16, 8, 4, 2)
Max chi = 122
Time taken: 204580 ms"
9402289,qtnh,2,256,UCX,ieee25-qftrmps-inout,qftmps,40,16,16,16,15,"Results 16:
|T| = (1,-1.38778e-17)
T[0] = (-3.54811e-07,1.86863e-07)
Max chis = (2, 4, 8, 16, 32, 64, 118, 128, 129, 130, 130, 130, 130, 130, 130, 130, 130, 130, 130, 130, 129, 129, 129, 129, 129, 129, 129, 129, 128, 129, 128, 126, 118, 64, 32, 16, 8, 4, 2)
Max chi = 130
Time taken: 182453 ms"
9402290,qtnh,2,256,UCX,ieee25-qftrmps-inout,qftmps,80,16,16,16,0,"Results 16:
|T| = (1,-6.03972e-31)
T[0] = (9.09495e-13,-1.02693e-26)
Max chis = (1, 1, 1, 1, 1, 1, 1, 1, 1, 1, 1, 1, 1, 1, 1, 1, 1, 1, 1, 1, 1, 1, 1, 1, 1, 1, 1, 1, 1, 1, 1, 1, 1, 1, 1, 1, 1, 1, 1, 1, 1, 1, 1, 1, 1, 1, 1, 1, 1, 1, 1, 1, 1, 1, 1, 1, 1, 1, 1, 1, 1, 1, 1, 1, 1, 1, 1, 1, 1, 1, 1, 1, 1, 1, 1, 1, 1, 1, 1)
Max chi = 1
Time taken: 547063 ms"
9402291,qtnh,2,256,UCX,ieee25-qftrmps-inout,qftmps,80,16,16,16,1,"Results 16:
|T| = (1,-5.55112e-17)
T[0] = (1.37304e-18,-5.20222e-19)
Max chis = (2, 4, 8, 10, 10, 10, 10, 10, 10, 10, 10, 10, 10, 10, 10, 10, 10, 10, 10, 10, 10, 10, 10, 10, 10, 10, 10, 10, 10, 10, 10, 10, 10, 10, 10, 10, 10, 10, 10, 10, 10, 10, 10, 10, 10, 10, 10, 10, 10, 10, 10, 10, 10, 10, 10, 10, 10, 10, 10, 10, 10, 10, 10, 10, 10, 10, 10, 10, 10, 10, 10, 10, 10, 10, 10, 10, 8, 4, 2)
Max chi = 10
Time taken: 776359 ms"
9402292,qtnh,2,256,UCX,ieee25-qftrmps-inout,qftmps,80,16,16,16,2,"Results 16:
|T| = (1,-6.245e-17)
T[0] = (7.1507e-16,8.29929e-16)
Max chis = (2, 4, 8, 16, 18, 19, 19, 19, 19, 19, 19, 18, 19, 19, 19, 18, 19, 19, 19, 19, 19, 18, 18, 19, 18, 19, 18, 18, 19, 19, 19, 18, 18, 18, 18, 19, 18, 19, 19, 18, 19, 19, 19, 19, 19, 19, 18, 18, 18, 18, 19, 19, 19, 19, 19, 19, 19, 19, 19, 19, 18, 18, 18, 18, 18, 18, 18, 19, 19, 19, 18, 18, 19, 18, 18, 16, 8, 4, 2)
Max chi = 19
Time taken: 799418 ms"
9402293,qtnh,2,256,UCX,ieee25-qftrmps-inout,qftmps,80,16,16,16,3,"Results 16:
|T| = (1,-1.37633e-36)
T[0] = (1.57809e-14,7.26639e-15)
Max chis = (2, 4, 8, 16, 25, 27, 27, 27, 27, 27, 27, 27, 28, 28, 27, 28, 27, 27, 28, 28, 27, 27, 28, 28, 28, 28, 28, 28, 28, 27, 26, 27, 27, 27, 27, 27, 27, 28, 27, 27, 27, 28, 27, 27, 27, 28, 27, 27, 27, 27, 27, 27, 27, 27, 27, 27, 27, 27, 28, 28, 28, 28, 28, 28, 27, 28, 28, 27, 27, 28, 27, 27, 27, 27, 25, 16, 8, 4, 2)
Max chi = 28
Time taken: 794884 ms"
9402294,qtnh,2,256,UCX,ieee25-qftrmps-inout,qftmps,80,16,16,16,4,"Results 16:
|T| = (1,7.63278e-17)
T[0] = (-1.02005e-15,-1.91667e-16)
Max chis = (2, 4, 8, 16, 32, 35, 36, 36, 36, 36, 36, 35, 36, 35, 36, 35, 36, 36, 36, 36, 36, 35, 35, 36, 36, 36, 36, 36, 36, 36, 36, 36, 36, 36, 36, 35, 35, 35, 36, 35, 35, 35, 35, 36, 36, 36, 37, 36, 36, 36, 36, 36, 36, 36, 36, 36, 35, 36, 36, 36, 35, 35, 36, 35, 35, 35, 35, 36, 36, 36, 35, 36, 36, 35, 31, 16, 8, 4, 2)
Max chi = 37
Time taken: 796610 ms"
9402295,qtnh,2,256,UCX,ieee25-qftrmps-inout,qftmps,80,16,16,16,5,"Results 16:
|T| = (1,-1.66533e-16)
T[0] = (-2.30237e-14,-1.38573e-14)
Max chis = (2, 4, 8, 16, 32, 43, 44, 44, 45, 44, 44, 44, 45, 45, 44, 45, 44, 44, 44, 44, 44, 45, 44, 44, 45, 44, 45, 45, 45, 44, 44, 44, 44, 45, 44, 46, 45, 45, 45, 45, 45, 44, 44, 45, 45, 45, 44, 44, 44, 44, 44, 44, 44, 44, 44, 44, 44, 44, 44, 44, 44, 44, 44, 45, 44, 44, 44, 45, 45, 46, 45, 45, 44, 43, 32, 16, 8, 4, 2)
Max chi = 46
Time taken: 796966 ms"
9402296,qtnh,2,256,UCX,ieee25-qftrmps-inout,qftmps,80,16,16,16,6,"Results 16:
|T| = (1,1.94289e-16)
T[0] = (-1.39451e-14,3.43035e-14)
Max chis = (2, 4, 8, 16, 32, 50, 53, 53, 52, 53, 52, 52, 53, 54, 53, 52, 53, 53, 53, 53, 53, 53, 54, 53, 53, 53, 53, 53, 53, 54, 53, 53, 52, 53, 53, 53, 54, 53, 53, 53, 53, 54, 53, 54, 53, 52, 52, 53, 53, 53, 52, 53, 52, 53, 52, 52, 53, 52, 52, 53, 53, 53, 53, 54, 53, 54, 53, 53, 53, 53, 53, 52, 52, 50, 32, 16, 8, 4, 2)
Max chi = 54
Time taken: 801915 ms"
9402297,qtnh,2,256,UCX,ieee25-qftrmps-inout,qftmps,80,16,16,16,7,"Results 16:
|T| = (1,5.55112e-17)
T[0] = (-3.18378e-14,-1.98401e-15)
Max chis = (2, 4, 8, 16, 32, 57, 61, 62, 62, 62, 61, 62, 61, 62, 61, 62, 61, 61, 62, 61, 61, 62, 62, 62, 62, 62, 62, 62, 62, 62, 62, 63, 63, 62, 62, 61, 61, 61, 61, 60, 61, 61, 62, 62, 62, 61, 61, 61, 61, 61, 61, 62, 61, 62, 62, 62, 63, 62, 62, 61, 61, 61, 61, 62, 61, 62, 62, 62, 61, 62, 62, 61, 61, 58, 32, 16, 8, 4, 2)
Max chi = 63
Time taken: 792630 ms"
9402298,qtnh,2,256,UCX,ieee25-qftrmps-inout,qftmps,80,16,16,16,8,"Results 16:
|T| = (1,-1.38778e-16)
T[0] = (3.69742e-13,1.09974e-13)
Max chis = (2, 4, 8, 16, 32, 62, 69, 70, 70, 70, 70, 70, 70, 71, 71, 70, 71, 71, 71, 71, 70, 71, 71, 71, 71, 71, 71, 71, 70, 70, 70, 70, 70, 70, 70, 70, 70, 70, 70, 70, 70, 70, 70, 71, 70, 69, 70, 70, 71, 71, 70, 70, 70, 70, 70, 70, 70, 70, 70, 70, 71, 70, 70, 70, 70, 71, 70, 70, 71, 71, 70, 70, 69, 63, 32, 16, 8, 4, 2)
Max chi = 71
Time taken: 784219 ms"
9402299,qtnh,2,256,UCX,ieee25-qftrmps-inout,qftmps,80,16,16,16,9,"Results 16:
|T| = (1,-2.08167e-17)
T[0] = (-8.39427e-15,1.24332e-14)
Max chis = (2, 4, 8, 16, 32, 64, 76, 77, 79, 78, 78, 78, 78, 79, 78, 78, 78, 79, 79, 79, 79, 79, 79, 79, 78, 79, 79, 78, 78, 79, 79, 79, 79, 79, 80, 79, 79, 79, 78, 78, 78, 78, 78, 79, 78, 79, 79, 79, 78, 79, 79, 78, 78, 78, 78, 78, 78, 79, 79, 78, 79, 79, 79, 79, 79, 79, 78, 79, 79, 79, 79, 79, 77, 64, 32, 16, 8, 4, 2)
Max chi = 80
Time taken: 779145 ms"
9402300,qtnh,2,256,UCX,ieee25-qftrmps-inout,qftmps,80,16,16,16,10,"Results 16:
|T| = (1,6.93889e-17)
T[0] = (-9.77141e-15,1.09946e-14)
Max chis = (2, 4, 8, 16, 32, 64, 83, 86, 86, 87, 87, 87, 88, 87, 87, 87, 86, 87, 87, 87, 87, 87, 87, 88, 87, 88, 88, 88, 87, 87, 87, 87, 87, 87, 88, 88, 88, 87, 87, 88, 87, 87, 87, 87, 88, 87, 87, 87, 88, 88, 87, 87, 87, 87, 87, 88, 87, 88, 87, 87, 87, 86, 87, 87, 88, 87, 88, 88, 88, 87, 87, 87, 84, 64, 32, 16, 8, 4, 2)
Max chi = 88
Time taken: 787423 ms"
9402301,qtnh,2,256,UCX,ieee25-qftrmps-inout,qftmps,80,16,16,16,11,"Results 16:
|T| = (1,8.32667e-17)
T[0] = (-9.56411e-13,2.78342e-13)
Max chis = (2, 4, 8, 16, 32, 64, 92, 94, 96, 96, 95, 96, 96, 96, 96, 96, 96, 96, 97, 95, 96, 96, 96, 96, 96, 96, 96, 95, 96, 96, 96, 96, 96, 96, 96, 97, 96, 96, 96, 95, 95, 96, 95, 96, 96, 95, 96, 96, 96, 96, 96, 96, 96, 96, 96, 96, 96, 96, 95, 96, 96, 96, 95, 95, 95, 95, 95, 95, 95, 94, 94, 93, 90, 64, 32, 16, 8, 4, 2)
Max chi = 97
Time taken: 783024 ms"
9402302,qtnh,2,256,UCX,ieee25-qftrmps-inout,qftmps,80,16,16,16,12,"Results 16:
|T| = (1,4.16334e-17)
T[0] = (-6.38095e-14,-2.08889e-14)
Max chis = (2, 4, 8, 16, 32, 64, 99, 104, 105, 104, 104, 104, 104, 104, 105, 105, 104, 104, 105, 105, 104, 105, 105, 105, 105, 104, 104, 104, 104, 105, 104, 104, 104, 104, 103, 104, 104, 104, 104, 104, 104, 104, 105, 104, 105, 104, 105, 104, 105, 104, 105, 104, 104, 106, 104, 104, 104, 104, 103, 103, 104, 104, 104, 105, 104, 105, 106, 105, 105, 105, 105, 104, 99, 64, 32, 16, 8, 4, 2)
Max chi = 106
Time taken: 770996 ms"
9402303,qtnh,2,256,UCX,ieee25-qftrmps-inout,qftmps,80,16,16,16,13,"Results 16:
|T| = (1,5.55112e-17)
T[0] = (2.03724e-13,-5.81804e-13)
Max chis = (2, 4, 8, 16, 32, 64, 106, 111, 112, 113, 113, 113, 114, 114, 113, 113, 113, 113, 113, 113, 114, 113, 114, 113, 113, 113, 113, 113, 113, 113, 112, 113, 112, 113, 113, 113, 113, 113, 114, 113, 113, 113, 113, 113, 113, 113, 113, 112, 113, 112, 112, 112, 112, 113, 112, 112, 112, 112, 112, 112, 112, 113, 112, 112, 112, 111, 112, 112, 112, 113, 112, 111, 106, 64, 32, 16, 8, 4, 2)
Max chi = 114
Time taken: 757235 ms"
9402304,qtnh,2,256,UCX,ieee25-qftrmps-inout,qftmps,80,16,16,16,14,"Results 16:
|T| = (1,-1.249e-16)
T[0] = (7.41332e-15,1.17226e-14)
Max chis = (2, 4, 8, 16, 32, 64, 112, 118, 121, 121, 121, 122, 121, 121, 121, 121, 122, 120, 121, 121, 121, 121, 121, 122, 121, 121, 122, 121, 121, 122, 122, 122, 122, 121, 122, 121, 122, 122, 122, 122, 122, 122, 122, 122, 121, 121, 121, 121, 121, 121, 121, 120, 121, 120, 121, 121, 122, 121, 121, 121, 121, 121, 121, 121, 122, 122, 121, 121, 121, 121, 121, 119, 113, 64, 32, 16, 8, 4, 2)
Max chi = 122
Time taken: 767876 ms"
9402305,qtnh,2,256,UCX,ieee25-qftrmps-inout,qftmps,80,16,16,16,15,"Results 16:
|T| = (1,-2.90637e-35)
T[0] = (9.37693e-13,-3.43677e-13)
Max chis = (2, 4, 8, 16, 32, 64, 118, 128, 129, 130, 130, 130, 130, 130, 130, 130, 130, 130, 130, 130, 129, 129, 129, 129, 129, 129, 129, 129, 129, 130, 129, 128, 129, 129, 129, 128, 127, 128, 128, 129, 128, 129, 129, 129, 129, 129, 129, 129, 129, 129, 129, 129, 129, 130, 129, 130, 130, 130, 129, 131, 130, 131, 130, 130, 130, 130, 131, 131, 130, 130, 129, 127, 119, 64, 32, 16, 8, 4, 2)
Max chi = 131
Time taken: 749831 ms"
9403243,qtnh,2,256,UCX,ieee25-qftrmps-accuracy,qftmps,40,16,16,1,16,"Results 16:
|T| = (1,-1.11022e-16)
T[0] = (-5.14037e-07,5.91683e-07)
Max chis = (2, 4, 8, 16, 32, 64, 123, 133, 136, 138, 138, 137, 138, 138, 137, 138, 138, 138, 139, 138, 138, 138, 138, 138, 138, 138, 138, 138, 137, 137, 137, 135, 124, 64, 32, 16, 8, 4, 2)
Max chi = 139
Time taken: 182913 ms
Results 8:
|T| = (1,2.77561e-17)
T[0] = (2.06927e-07,-1.05149e-07)
<REF|T> = -1.32502e-08
Max chis = (2, 4, 8, 16, 32, 64, 71, 71, 71, 72, 72, 72, 72, 72, 72, 72, 72, 72, 72, 73, 72, 72, 72, 72, 72, 73, 73, 72, 72, 71, 72, 71, 70, 63, 32, 16, 8, 4, 2)
Max chi = 73
Time taken: 79394 ms
Results 4:
|T| = (1,5.20417e-17)
T[0] = (-2.81249e-08,-6.0857e-08)
<REF|T> = 1.20673e-07
Max chis = (2, 4, 8, 16, 32, 36, 38, 38, 37, 38, 37, 38, 37, 37, 37, 37, 37, 37, 38, 38, 37, 38, 38, 38, 38, 37, 38, 38, 37, 38, 38, 38, 38, 36, 32, 16, 8, 4, 2)
Max chi = 38
Time taken: 39846 ms
Results 2:
|T| = (1,-1.38778e-16)
T[0] = (-8.43808e-08,-4.71588e-08)
<REF|T> = -5.45123e-07
Max chis = (2, 4, 8, 16, 20, 20, 20, 20, 20, 20, 20, 20, 20, 20, 20, 20, 20, 20, 20, 20, 20, 20, 20, 20, 20, 20, 20, 20, 20, 20, 20, 20, 19, 19, 19, 16, 8, 4, 2)
Max chi = 20
Time taken: 25544 ms
Results 1:
|T| = (1,-1.11022e-16)
T[0] = (1.39126e-10,1.78008e-10)
<REF|T> = -1.9004e-07
Max chis = (2, 4, 8, 10, 11, 11, 11, 11, 11, 11, 11, 11, 11, 10, 11, 11, 11, 11, 11, 11, 11, 11, 11, 11, 11, 11, 11, 11, 10, 10, 10, 11, 11, 11, 11, 10, 8, 4, 2)
Max chi = 11
Time taken: 18891 ms"
9403244,qtnh,8,1024,UCX,ieee25-qftrmps-accuracy,qftmps,40,32,16,1,32,"Results 16:
|T| = (1,2.77011e-17)
T[0] = (-5.14037e-07,5.91683e-07)
Max chis = (2, 4, 8, 16, 32, 64, 125, 137, 140, 140, 140, 141, 141, 141, 141, 141, 141, 142, 142, 140, 141, 141, 141, 141, 141, 141, 141, 141, 140, 141, 140, 138, 126, 64, 32, 16, 8, 4, 2)
Max chi = 142
Time taken: 562394 ms
Results 8:
|T| = (1,-2.77209e-17)
T[0] = (2.06927e-07,-1.05149e-07)
<REF|T> = -1.32502e-08
Max chis = (2, 4, 8, 16, 32, 64, 72, 73, 73, 73, 73, 74, 74, 74, 74, 75, 74, 75, 74, 74, 74, 74, 74, 75, 75, 74, 74, 73, 73, 74, 73, 73, 72, 64, 32, 16, 8, 4, 2)
Max chi = 75
Time taken: 234158 ms
Results 4:
|T| = (1,-2.20311e-16)
T[0] = (-2.81249e-08,-6.0857e-08)
<REF|T> = 1.20673e-07
Max chis = (2, 4, 8, 16, 32, 38, 38, 38, 38, 38, 38, 38, 38, 38, 38, 38, 38, 38, 39, 39, 38, 39, 39, 38, 39, 38, 39, 39, 39, 39, 39, 39, 39, 38, 32, 16, 8, 4, 2)
Max chi = 39
Time taken: 119841 ms
Results 2:
|T| = (1,-5.55111e-17)
T[0] = (-8.43808e-08,-4.71588e-08)
<REF|T> = -5.45123e-07
Max chis = (2, 4, 8, 16, 20, 20, 21, 20, 20, 20, 20, 20, 20, 20, 20, 20, 20, 20, 21, 20, 21, 20, 20, 21, 20, 21, 20, 20, 20, 20, 20, 20, 20, 20, 19, 16, 8, 4, 2)
Max chi = 21
Time taken: 87201 ms
Results 1:
|T| = (1,1.11022e-16)
T[0] = (1.39126e-10,1.78008e-10)
<REF|T> = -1.9004e-07
Max chis = (2, 4, 8, 11, 11, 11, 11, 11, 11, 11, 11, 11, 11, 11, 11, 11, 11, 11, 11, 11, 11, 11, 11, 11, 11, 11, 11, 11, 11, 11, 11, 11, 11, 11, 11, 11, 8, 4, 2)
Max chi = 11
Time taken: 66420 ms"
9403270,qtnh,2,256,UCX,ieee25-qftrmps-accuracy,qftmps,40,16,16,1,16,"Results 16:
|T| = (1,-1.11022e-16)
T[0] = (-5.14037e-07,5.91683e-07)
Max chis = (2, 4, 8, 16, 32, 64, 123, 133, 136, 138, 138, 137, 138, 138, 137, 138, 138, 138, 139, 138, 138, 138, 138, 138, 138, 138, 138, 138, 137, 137, 137, 135, 124, 64, 32, 16, 8, 4, 2)
Max chi = 139
Time taken: 185000 ms
Results 8:
|T| = (1,-1.9429e-16)
T[0] = (2.06927e-07,-1.05149e-07)
<REF|T> = -1.32502e-08
Max chis = (2, 4, 8, 16, 32, 64, 71, 71, 71, 72, 72, 72, 72, 72, 72, 72, 72, 72, 72, 73, 72, 72, 72, 72, 72, 73, 73, 72, 72, 71, 72, 71, 70, 63, 32, 16, 8, 4, 2)
Max chi = 73
Time taken: 80727 ms
Results 4:
|T| = (1,1.30104e-16)
T[0] = (-2.81249e-08,-6.0857e-08)
<REF|T> = 1.20673e-07
Max chis = (2, 4, 8, 16, 32, 36, 38, 38, 37, 38, 37, 38, 37, 37, 37, 37, 37, 37, 38, 38, 37, 38, 38, 38, 38, 37, 38, 38, 37, 38, 38, 38, 38, 36, 32, 16, 8, 4, 2)
Max chi = 38
Time taken: 40001 ms
Results 2:
|T| = (1,1.11022e-16)
T[0] = (-8.43808e-08,-4.71588e-08)
<REF|T> = -5.45123e-07
Max chis = (2, 4, 8, 16, 20, 20, 20, 20, 20, 20, 20, 20, 20, 20, 20, 20, 20, 20, 20, 20, 20, 20, 20, 20, 20, 20, 20, 20, 20, 20, 20, 20, 19, 19, 19, 16, 8, 4, 2)
Max chi = 20
Time taken: 25698 ms
Results 1:
|T| = (1,1.38778e-16)
T[0] = (1.39126e-10,1.78008e-10)
<REF|T> = -1.9004e-07
Max chis = (2, 4, 8, 10, 11, 11, 11, 11, 11, 11, 11, 11, 11, 10, 11, 11, 11, 11, 11, 11, 11, 11, 11, 11, 11, 11, 11, 11, 10, 10, 10, 11, 11, 11, 11, 10, 8, 4, 2)
Max chi = 11
Time taken: 18959 ms"
9403271,qtnh,8,1024,UCX,ieee25-qftrmps-accuracy,qftmps,40,32,16,1,32,"Results 16:
|T| = (1,5.53598e-17)
T[0] = (-5.14037e-07,5.91683e-07)
Max chis = (2, 4, 8, 16, 32, 64, 125, 137, 140, 140, 140, 141, 141, 141, 141, 141, 141, 142, 142, 140, 141, 141, 141, 141, 141, 141, 141, 141, 140, 141, 140, 138, 126, 64, 32, 16, 8, 4, 2)
Max chi = 142
Time taken: 572452 ms
Results 8:
|T| = (1,-2.77491e-17)
T[0] = (2.06927e-07,-1.05149e-07)
<REF|T> = -1.32502e-08
Max chis = (2, 4, 8, 16, 32, 64, 72, 73, 73, 73, 73, 74, 74, 74, 74, 75, 74, 75, 74, 74, 74, 74, 74, 75, 75, 74, 74, 73, 73, 74, 73, 73, 72, 64, 32, 16, 8, 4, 2)
Max chi = 75
Time taken: 238440 ms
Results 4:
|T| = (1,-2.86229e-17)
T[0] = (-2.81249e-08,-6.0857e-08)
<REF|T> = 1.20673e-07
Max chis = (2, 4, 8, 16, 32, 38, 38, 38, 38, 38, 38, 38, 38, 38, 38, 38, 38, 38, 39, 39, 38, 39, 39, 38, 39, 38, 39, 39, 39, 39, 39, 39, 39, 38, 32, 16, 8, 4, 2)
Max chi = 39
Time taken: 122916 ms
Results 2:
|T| = (1,-1.11022e-16)
T[0] = (-8.43808e-08,-4.71588e-08)
<REF|T> = -5.45123e-07
Max chis = (2, 4, 8, 16, 20, 20, 21, 20, 20, 20, 20, 20, 20, 20, 20, 20, 20, 20, 21, 20, 21, 20, 20, 21, 20, 21, 20, 20, 20, 20, 20, 20, 20, 20, 19, 16, 8, 4, 2)
Max chi = 21
Time taken: 88935 ms
Results 1:
|T| = (1,-2.77556e-17)
T[0] = (1.39126e-10,1.78008e-10)
<REF|T> = -1.9004e-07
Max chis = (2, 4, 8, 11, 11, 11, 11, 11, 11, 11, 11, 11, 11, 11, 11, 11, 11, 11, 11, 11, 11, 11, 11, 11, 11, 11, 11, 11, 11, 11, 11, 11, 11, 11, 11, 11, 8, 4, 2)
Max chi = 11
Time taken: 68812 ms"
9403357,qtnh,2,256,UCX,ieee25-qftrmps-accuracy,qftmps,40,16,16,1,16,"Results 16:
|T| = (1,8.67362e-17)
T[0] = (1.40394e-06,-5.62472e-07)
Max chis = (2, 4, 8, 16, 32, 64, 123, 135, 137, 138, 138, 139, 138, 138, 137, 137, 137, 138, 138, 137, 138, 138, 138, 138, 138, 138, 138, 139, 138, 138, 138, 135, 124, 64, 32, 16, 8, 4, 2)
Max chi = 139
Time taken: 180878 ms
Results 8:
|T| = (1,-1.38778e-16)
T[0] = (1.40396e-06,-5.62622e-07)
<REF|T> = 1
Max chis = (4, 8, 16, 32, 64, 128, 128, 128, 128, 128, 128, 128, 128, 128, 128, 128, 128, 128, 128, 128, 128, 128, 128, 128, 128, 128, 128, 128, 128, 128, 128, 128, 128, 123, 64, 32, 16, 8, 4)
Max chi = 128
Time taken: 77103 ms
Results 4:
|T| = (0.99979,6.94035e-18)
T[0] = (1.3895e-06,-5.52487e-07)
<REF|T> = 0.999792
Max chis = (8, 16, 32, 64, 64, 64, 64, 64, 64, 64, 64, 64, 64, 64, 64, 64, 64, 64, 64, 64, 64, 64, 64, 64, 64, 64, 64, 64, 64, 64, 64, 64, 64, 64, 64, 64, 32, 16, 8)
Max chi = 64
Time taken: 38987 ms
Results 2:
|T| = (0.939347,2.36382e-16)
T[0] = (1.62082e-06,1.52109e-07)
<REF|T> = 0.944227
Max chis = (16, 32, 32, 32, 32, 32, 32, 32, 32, 32, 32, 32, 32, 32, 32, 32, 32, 32, 32, 32, 32, 32, 32, 32, 32, 32, 32, 32, 32, 32, 32, 32, 32, 32, 32, 32, 32, 32, 16)
Max chi = 32
Time taken: 25341 ms
Results 1:
|T| = (0.486554,1.6044e-17)
T[0] = (-2.66777e-07,1.05311e-07)
<REF|T> = 0.490089
Max chis = (16, 16, 16, 16, 16, 16, 16, 16, 16, 16, 16, 16, 16, 16, 16, 16, 16, 16, 16, 16, 16, 16, 16, 16, 16, 16, 16, 16, 16, 16, 16, 16, 16, 16, 16, 16, 16, 16, 16)
Max chi = 16
Time taken: 18755 ms"
9403358,qtnh,8,1024,UCX,ieee25-qftrmps-accuracy,qftmps,40,32,16,1,32,"Results 16:
|T| = (1,4.16334e-17)
T[0] = (-4.71844e-07,-7.35092e-08)
Max chis = (4, 8, 16, 32, 64, 128, 247, 271, 276, 277, 277, 277, 278, 277, 278, 278, 279, 278, 277, 278, 278, 279, 278, 278, 278, 278, 278, 278, 278, 277, 276, 271, 248, 128, 64, 32, 16, 8, 4)
Max chi = 279
Time taken: 530208 ms
Results 8:
|T| = (1,8.67362e-17)
T[0] = (-4.71732e-07,-7.37565e-08)
<REF|T> = 1
Max chis = (8, 16, 32, 64, 128, 256, 256, 256, 256, 256, 256, 256, 256, 256, 256, 256, 256, 256, 256, 256, 256, 256, 256, 256, 256, 256, 256, 256, 256, 256, 256, 256, 256, 244, 128, 64, 32, 16, 8)
Max chi = 256
Time taken: 221164 ms
Results 4:
|T| = (0.999783,-1.87391e-16)
T[0] = (-4.63803e-07,-5.82738e-08)
<REF|T> = 0.999796
Max chis = (16, 32, 64, 128, 128, 128, 128, 128, 128, 128, 128, 128, 128, 128, 128, 128, 128, 128, 128, 128, 128, 128, 128, 128, 128, 128, 128, 128, 128, 128, 128, 128, 128, 128, 128, 128, 64, 32, 16)
Max chi = 128
Time taken: 118624 ms
Results 2:
|T| = (0.942603,3.81874e-17)
T[0] = (-1.39944e-06,-1.19092e-06)
<REF|T> = 0.948219
Max chis = (32, 64, 64, 64, 64, 64, 64, 64, 64, 64, 64, 64, 64, 64, 64, 64, 64, 64, 64, 64, 64, 64, 64, 64, 64, 64, 64, 64, 64, 64, 64, 64, 64, 64, 64, 64, 64, 64, 32)
Max chi = 64
Time taken: 88002 ms
Results 1:
|T| = (0.513851,3.20713e-17)
T[0] = (-1.37495e-06,3.49805e-07)
<REF|T> = 0.519146
Max chis = (32, 32, 32, 32, 32, 32, 32, 32, 32, 32, 32, 32, 32, 32, 32, 32, 32, 32, 32, 32, 32, 32, 32, 32, 32, 32, 32, 32, 32, 32, 32, 32, 32, 32, 32, 32, 32, 32, 32)
Max chi = 32
Time taken: 66686 ms"
