SLURM_JOB_ID,SLURM_JOB_NAME,SLURM_JOB_NUM_NODES,SLURM_NTASKS,MPI_IMPL,EXECUTABLE,ARG1,ARG2,ARG3,OUTPUT
11180272,qtnh,1,1,UCX,permute,20,0,100,Time per iteration: 60.19 ms
11180273,qtnh,1,2,UCX,permute,21,1,100,Time per iteration: 69.99 ms
11180274,qtnh,1,4,UCX,permute,22,2,100,Time per iteration: 69.48 ms
11180275,qtnh,1,8,UCX,permute,23,3,100,Time per iteration: 80.57 ms
11180276,qtnh,1,16,UCX,permute,24,4,100,Time per iteration: 90.49 ms
11180277,qtnh,1,32,UCX,permute,25,5,100,Time per iteration: 96.23 ms
11180278,qtnh,1,64,UCX,permute,26,6,100,Time per iteration: 112.39 ms
11180279,qtnh,1,128,UCX,permute,27,7,100,Time per iteration: 144.85 ms
11180280,qtnh,2,256,UCX,permute,28,8,100,Time per iteration: 193.08 ms
11180281,qtnh,4,512,UCX,permute,29,9,100,Time per iteration: 215.33 ms
11180282,qtnh,8,1024,UCX,permute,30,10,100,Time per iteration: 238.75 ms
11180317,qtnh,1,1,UCX,permute,22,0,100,Time per iteration: 256.39 ms
11180318,qtnh,1,2,UCX,permute,23,1,100,Time per iteration: 277.92 ms
11180319,qtnh,1,4,UCX,permute,24,2,100,Time per iteration: 282.66 ms
11180320,qtnh,1,8,UCX,permute,25,3,100,Time per iteration: 327.37 ms
11180321,qtnh,1,16,UCX,permute,26,4,100,Time per iteration: 387.05 ms
11180322,qtnh,1,32,UCX,permute,27,5,100,Time per iteration: 415.41 ms
11180323,qtnh,1,64,UCX,permute,28,6,100,Time per iteration: 472.17 ms
11180324,qtnh,1,128,UCX,permute,29,7,100,Time per iteration: 595.17 ms
11180325,qtnh,2,256,UCX,permute,30,8,100,Time per iteration: 824.80 ms
11180326,qtnh,4,512,UCX,permute,31,9,100,Time per iteration: 881.61 ms
11180327,qtnh,8,1024,UCX,permute,32,10,100,Time per iteration: 1002.85 ms
11180367,qtnh,1,1,UCX,permute,24,0,100,Time per iteration: 1039.14 ms
11180368,qtnh,1,2,UCX,permute,25,1,100,Time per iteration: 1112.46 ms
11180369,qtnh,1,4,UCX,permute,26,2,100,Time per iteration: 1178.57 ms
11180370,qtnh,1,8,UCX,permute,27,3,100,Time per iteration: 1404.93 ms
11180371,qtnh,1,16,UCX,permute,28,4,100,Time per iteration: 1531.92 ms
11180372,qtnh,1,32,UCX,permute,29,5,100,Time per iteration: 1586.06 ms
11180373,qtnh,1,64,UCX,permute,30,6,100,Time per iteration: 1908.93 ms
11180374,qtnh,1,128,UCX,permute,31,7,100,Time per iteration: 2339.57 ms
11180375,qtnh,2,256,UCX,permute,32,8,100,Time per iteration: 3360.11 ms
11180376,qtnh,4,512,UCX,permute,33,9,100,Time per iteration: 3551.22 ms
11180377,qtnh,8,1024,UCX,permute,34,10,100,Time per iteration: 3906.69 ms
11180517,qtnh,1,1,OFI,permute,24,0,100,Time per iteration: 1157.51 ms
11180518,qtnh,1,2,OFI,permute,25,1,100,Time per iteration: 1304.59 ms
11180519,qtnh,1,4,OFI,permute,26,2,100,Time per iteration: 1462.94 ms
11180520,qtnh,1,8,OFI,permute,27,3,100,Time per iteration: 1592.36 ms
11180521,qtnh,1,16,OFI,permute,28,4,100,Time per iteration: 1842.76 ms
11180522,qtnh,1,32,OFI,permute,29,5,100,Time per iteration: 1819.29 ms
11180523,qtnh,1,64,OFI,permute,30,6,100,Time per iteration: 1945.18 ms
11180524,qtnh,1,128,OFI,permute,31,7,100,Time per iteration: 2198.17 ms
11180525,qtnh,2,256,OFI,permute,32,8,100,Time per iteration: 3043.76 ms
11180526,qtnh,4,512,OFI,permute,33,9,100,Time per iteration: 3538.92 ms
11180527,qtnh,8,1024,OFI,permute,34,10,100,Time per iteration: 4513.93 ms
11181256,qtnh,1,1,OFI,permute,20,0,100,Time per iteration: 69.90 ms
11181257,qtnh,1,2,OFI,permute,21,1,100,Time per iteration: 77.78 ms
11181258,qtnh,1,4,OFI,permute,22,2,100,Time per iteration: 84.88 ms
11181259,qtnh,1,8,OFI,permute,23,3,100,Time per iteration: 92.23 ms
11181260,qtnh,1,16,OFI,permute,24,4,100,Time per iteration: 106.33 ms
11181261,qtnh,1,32,OFI,permute,25,5,100,Time per iteration: 106.96 ms
11181262,qtnh,1,64,OFI,permute,26,6,100,Time per iteration: 111.34 ms
11181263,qtnh,1,128,OFI,permute,27,7,100,Time per iteration: 129.09 ms
11181264,qtnh,2,256,OFI,permute,28,8,100,Time per iteration: 306.97 ms
11181265,qtnh,4,512,OFI,permute,29,9,100,Time per iteration: 567.55 ms
11181266,qtnh,8,1024,OFI,permute,30,10,100,Time per iteration: 1078.73 ms
11181267,qtnh,1,1,OFI,permute,22,0,100,Time per iteration: 283.83 ms
11181268,qtnh,1,2,OFI,permute,23,1,100,Time per iteration: 329.13 ms
11181269,qtnh,1,4,OFI,permute,24,2,100,Time per iteration: 348.80 ms
11181270,qtnh,1,8,OFI,permute,25,3,100,Time per iteration: 380.81 ms
11181271,qtnh,1,16,OFI,permute,26,4,100,Time per iteration: 456.80 ms
11181272,qtnh,1,32,OFI,permute,27,5,100,Time per iteration: 460.79 ms
11181273,qtnh,1,64,OFI,permute,28,6,100,Time per iteration: 474.46 ms
11181274,qtnh,1,128,OFI,permute,29,7,100,Time per iteration: 548.81 ms
11181275,qtnh,2,256,OFI,permute,30,8,100,Time per iteration: 877.60 ms
11181276,qtnh,4,512,OFI,permute,31,9,100,Time per iteration: 1205.20 ms
11181277,qtnh,8,1024,OFI,permute,32,10,100,Time per iteration: 1828.63 ms
